price,title
31900,QCY T5 블루투스 이어폰 4세대 현물 재고확보
49000,[제이비랩]블루투스이어폰 JET-Q1 이어폰단독 9시간재생 급속충전
43500,(아웃백/토다이) 통합 상품권(20개 브랜드) 5만원권
31700,[큐씨와이]11/25(월) 출고/QCY T5 블루투스 이어폰/파우치 증정
29900,[카카오프렌즈]후드라이언_충전식 양면 손난로 보조배터리 5000mAh
13900,[키친아트]찜통기1단 세트
45050,슈퍼스타 키즈 수트세트 13종 택1 (DV2820 DV2849 EJ9353 ED7670 EI9855 EJ9376 EI9866)
33900,[로이체]무선 블루투스 이어폰 1+1 /멀티페어링/BTW-3/양쪽통화
24900,[원더스리빙]미스킹 H3 듀얼분사 무선 미니가습기 저소음/간편세척
12900,[카페베네](신제품) 청귤모히또/망고패션후츠르 외 2개 골라담기
27000,씨투엠에듀 하루 10분 서술형 문장제 학습지 씨투엠 수학독해 S/P/A단계 세트 선택구매(전4권)
29900,[프렌치카페]프렌치카페 카페믹스/믹스커피 200Tx2 (400T)
16900,[삼호어묵]어묵탕 어묵/ 오뎅한그릇 시원한맛 6개+얼큰한맛 6개
28580,QCY T5 블루투스 이어폰
69000,윤남텍 간편세척 초음파 다목적 가습기/YN-101/G마켓
29900,[카카오프렌즈]어피치_충전식 양면 손난로 보조배터리 5000mAh
10900,국내산 대삼치 순살500g/4인분/2세트구매 전어 3미증정
79000,[보이로]독일명품 전기요 UB46(2인용)
29900,[순수식품]순수석류즙 4박스(100포) 실속형 100석류과즙
29900,빅사이즈 덕다운 구스다운 패딩 경량패딩 조끼
12900,에이블린 기모후드/맨투맨/롱원피스/티셔츠/롱스커트
15900,[밀크마일]겨울본격특가   티셔츠/상하복/원피스
19500,[엠앤쿡]팬선생 생선구이팬 후라이팬 생선팬 30cm 대용량 특가
30900,[GFresh](국산) 마녀 포기김치10kg / 배추김치
89000,[밀]밀 북유럽 전기컨벡터 전기히터 온풍기 MILL1200M
14900,[롬앤]롬앤 가을 신제품 특가전1+1 틴트 립스틱 쿠션
25900,HAPPYDAY 핫팩 군용60매/포켓100매/파스형90매
69000,글뿌리 2019 생각을 뒤집는 반전동화 / 총 22종
99000,[랩]LAP겨울아우터5만원대~구스/핸드메이드/부클외 98종
26900,[모다아울렛][크록스] 겨울에도 편하게  털 안감샌들/슬리퍼
10900,통영 베네치아수산 홍 가리비 2kg 특가 당일조업 발송
13900,[베이비베이비]베이비베이비 아기물티슈 트윙클120매 20팩 캡형
48250,[에쓰오일](S-OIL) 모바일주유권 5만원/ 실시간발송/ 주유상품권
22800,[피지]센서티브젤액체세제일반드럼겸용2.7L 3+1/1개무료증정
29900,[라벨영]쇼킹 스팟토닝  프리미엄 2+1 /기미+주근깨/미백케어
18900,[미스터버블]폼솝 2종 거품비누 목욕놀이 버블폼 키위+오렌지+증정
35900,[스크래치특가] 원터치 폴딩선반 5단/3단 모음전
12600,[동원에프앤비]동원샘물 2L x 6병 x 4팩 (총24병)
22500,[디키즈]디키즈 다운점퍼/기모후드 外 겨울 아이템 1만원대~
20000,한일매직 샤이닝그레이 워셔블 전기요/전기장판 대
15600,[나이키골프]나이키코리아 정품 레가시 91 골프 캡모자 (892651)
12500,[그린핑거]마이키즈 로션프레쉬 1000ml +그린핑거세면타월S2
18000,[레노마][레노마] 캐시미어 머플러 (R) 2종 택1(갤러리아)
25000,[베어파우]베어파우 2019 메인 아이템 양털슈즈 外 총집합 27종
12900,아이러브베베물티슈핑크100매캡형X20팩
28950,[에쓰오일](S-OIL) 모바일주유권 3만원/ 실시간발송/ 주유상품권
19900,[카파키즈]카파키즈 빅SALE 아동운동화 아동화 부츠
29800,업계를 리드하는 기업 3SK택배박스
11900,최상급 통통생굴 1Kg / 단 하루 1000개 한정 무배특가
35000,[닉스]NIX/NIXKIDS 헤비/코트/패딩/맨투맨/청바지 특가
11300,[베베앙]베베앙 아기물티슈  시그니처 대용량 100매 캡형 10팩
116650,[신일산업][블랙]2020년형  NEW 에코히터 SEH-ECO2000
12900,[한샘]한샘 올스텐 핸들 주방칼 모음전
18000,[코시]블루투스 휴대용 무선마이크 스피커 SP3171MKBT /핑크
34800,[맥심]맥심 모카골드 커피믹스 320T +키티버니포니 담요증정
29900,[순수식품]배도라지청 스틱 4박스(120포x10ml)
59400,[머스트비]머스트비 홈쇼핑 울코트/핸드메이드/경량/다운
12900,겨울신상/기모박스티/빅사이즈/루즈핏/맨투맨/후드티
11900,[피죤]고농축 섬유유연제 리치퍼퓸 1Lx3개+1개더+미니200x2개
12900,스위트바니 겨울신상5900원~롱원피스티/후드/맨투맨
24000,[콜핑]F/W 키즈 특가 다운/패딩/플리스/자켓/티/바지
15000,[모이몰른]겨울 인기 아우터/조끼/상하의 외출복 SALE
59900,통세척 대용량 초음파가습기 사무실 미니 저소음 책상
13500,[스파클]스파클생수 2L 30병
59400,엘칸토 19FW 방한슈즈 롱부츠/털부츠/앵클부츠/키높이
19900,아동 부츠 겨울 아동화 털 운동화 패딩 방한 신발
15900,[앤디애플]아동복/티셔츠/레깅스/기모바지/패딩/코트/원피스
31000,QCY T5 블루투스 무선이어폰 5.0 TWS 이어폰
25900,[모나리자]벨라지오 빅앤소프트 25M 3겹 36롤 3개 화장지 휴지
44900,마미포코 온기케어출시/에어핏/리프가닉 기저귀
24500,[피터젠슨]피터젠슨필통세트/보조가방 UPTO 50%+쿠폰추가할인
19900,아보크  홈쇼핑 패딩슈즈(성인/아동) 외 11종
19500,[동원에프앤비]동원 라이트스탠다드참치 85g x20캔 /살코기
13900,캣블리 두부모래 오리지널 7Lx4개 가성비갑/1648d
32900,[맥심]맥심 화이트 골드 커피믹스 320T +키티버니 담요증정
11900,아이러브베베물티슈핑크 100매 리필형X20팩
14900,[이노하우스]Super특가 크리스마스 벽트리 100구 LED 앵두전구세트
35630,알타파마 맥주효모 Plus Hair+nails 6개 묶음
101140,[랩]부클 롱 후리스점퍼 (AK4MZB61)
34800,[맥심]모카골드 커피믹스 160T+160T +사은품랜덤
651000,[김치플러스]최대혜택가 54만원 삼성 김치플러스221L RP22N3111S9
33900,[피스넷]끊김없는 블루투스이어폰 피스넷 프리슬림 블랙
82310,[인비오]인비오벽걸이 CD DVD플레이어 WM-01BT 블루투스스피커
139000,[엡손]엡손 L3100 무한잉크프린터 상품평작성시 상품권증정
206520,[노스페이스]패커블팩 사은품증정 공용 멀티 플레이어 다운 자켓(온라인 전용 EX) NJ1DK57J
12500,[누텔라]누텔라 초코잼 370g 3개
13940,남여 기모 맨투맨/후드 티셔츠 5종 택1(B184Z1030P/4010P/1010P/4210P/1020P)
12900,홍스타일 가을 맨투맨/원피스/롱티셔츠/팬츠
79200,(올 겨울을 따뜻하게)미리준비하는 아동 벤치 롱다운(5219OK407)
34560,김장 절임배추 20kg / 전남 해남 해수 절임배추
24900,[아침농산]국산 농부의아침 백미10kg 2019년산 햅쌀
56160,[블랙야크키즈](신세계김해점)[블랙야크키즈] 19년 FW신상 유아전용 베이비 덕다운 우주복(12M 18M 24M)
12900,메이시스 겨울니트 가디건/코트/기모티
30600,[투썸플레이스](투썸플레이스) 스트로베리 초콜릿 생크림
69000,GP한일 LG하우시스 온돌마루 전기매트 장판 요 대형
14900,[라벨영]쇼킹효과레시피 스팟 토닝 프리미엄 /기미+잡티/미백
69600,[리안뉴욕]구스 롱 베스트 이너 베이직 싱글 롱 코트 SET RMKWST700
39900,[닥터브로너스]모든비용포함) 닥터브로너스 오가닉 비누 946ml 1+1
107800,팸퍼스 베이비드라이 팬티 기저귀 2박스+사은품 (슈)
74500,[닥스키즈]/헤지스키즈 20년 신상책가방 출시기념 혜택
12900,[팬콧키즈]팬콧 성인/아동 기모 맨투맨/레깅스/팬츠 + 35%쿠폰
20870,[코시]블루투스 무선마이크+미러볼+케이스포함 SP3270MKBT
39900,[고려은단][본사직영] 비타민C 1000 600정/ 고려은단
19900,통영 베네치아수산 통영 생굴 2kg 횟감용 당일조업
34910,[트라이][2019] TRY 코튼 드로즈  9종
22900,[루카스나인]커피믹스/루카스나인 라떼 100T+믹스10T
40900,퓨어락 엄마들의 영양식 맘스밀 400g 1캔
110000,(도치맘) 카멜레온 챕터북 직수입도서 20종 (Paperback) + Audio CD 20종 증정
11240,[푸마바디웨어](현대Hmall)[푸마키즈]18년fw 남/여아 상하의 2종(1세트) 스타일 택일
10900,[청정원]청정원 옛날짜장 180gX5개+삼선짜장180gX5개(총10개)
15880,[크록스][크록스코리아] 여성 5종 균일가 18900원(202497-23B  202497-05M  204002-02S  204002-81D  204950-4BM)
12700,[동원에프앤비]동원 샘물 2L x9병 x3팩 (총27병) /생수/음료수
10900,[로지텍]로지텍코리아 X100 휴대용 블루투스 스피커
10800,[핫앤핫]프리미엄 핫앤핫 핫팩 美FDA등록 군용 보온대/붙이는
11900,[테크액체세제]테크 파워액체세제 대용량 8L (일반/드럼겸용)
18300,[삼육검은콩두유]삼육 검은콩앤 칼슘두유 190ml x 40팩 스마일배송
22500,로또스포츠 남녀 특가
28900,플레이도우 뉴 크리에이티브 센터 클레이 장난감 B9023
14900,[올반키친]얇은피왕교자 210g 3봉+얇은피랍스터 210g 3봉/총6봉
40500,삼성식품 해남 절임배추 20kg 간수빠진 신안천일염
29500,[박스포유]100%직접생산/ 박스포유 택배박스
26900,[잘풀리는집]순수PURE 천연펄프 25m30롤 x3팩/휴지/화장지
27500,[베베숲]아기물티슈 프리미어 캡 70매 20팩 70gsm
29800,[나무야나무야]나무야 도톰한 3겹데코 30m 30롤 3팩/화장지/휴지
95000,[구글플레이](카드가능) 기프트코드 10만원 / 구글 기프트카드
22800,[CJ] 비비고 왕교자 1.05kgx4봉 + 찐만두 168g 증정
39510,[캐츠랑]캐츠랑 전연령 20kg(5kg x 4개) 캣츠랑 고양이사료
79000,[레브]가정용 전기온풍기/ 전기히터/난로/난방기구 RVA2000
68900,[SS+SS]순면100 구스이불 1+1
39800,[지오다노]지오다노 정우성푸파/경량패딩/맨투맨/팬츠 최대특가
11900,[제주삼다수]제주삼다수 2L 12병/생수전문배송
14910,기본할인 + 추가할인 6봉 애견간식 강아지간식 개껌
10900,[오리온]촉촉한 초코칩 16개입 x 3박스
11900,[매일우유]바나나는 원래하얗다 멸균우유 235ml 24팩 /우유/매일
22900,[릴리유]릴리유 퓨어핑크 아기물티슈 캡 72매 20팩
31900,[크리넥스]3겹 울트라클린 화장지 27m 30롤 2팩/휴지
14900,[체리빌레]체리빌레 겨울신상 원피스/플라워쉬폰/체크/루즈핏롱
29900,[하우쎈스]크리스마스트리 풀세트 1.4M/1.6M/미니트리/벽트리
16900,[Aura]아우라 섬유유연제 윌유메리미 5.5L
32900,[맥심]화이트골드 커피믹스 160T+160T 커피
46900,황금미가 20kg 19년산 햅쌀 (당일도정)
38900,[종근당]락토핏 생유산균 골드 3통(150일분)
20230,[BYO]CJ BYO 20억 생유산균 30포 x 3개 (2+1) (총90포)
31370,삼성전자 DDR4 8G PC4-21300 (정품)
29700,큐비콘 3D프린터 PLA 필라멘트/새론/공식대리점
24600,[아토세이프]캡슐 구스다운워시 10회분 4팩
18900,[모나리자]기분좋은하루 물티슈 100매(캡형)x20개 휴대용 티슈
15900,파비타 IH찜통기 1단세트
47000,[보이로] 19년형 신형  SSG 런칭  [보이로] 히팅패드 HK125 (커버포함)
19900,Creative 아이언맨 휴대용 블루투스 스피커 - 2color
15500,[베베숲]아기물티슈 프리미어 캡 70매 10팩 70gsm 스마일배송
